<?xml version='1.0' encoding='utf-8'?>
<!DOCTYPE hibernate-configuration PUBLIC
        "-//Hibernate/Hibernate Configuration DTD//EN"
        "http://www.hibernate.org/dtd/hibernate-configuration-3.0.dtd">
<hibernate-configuration>
    <session-factory>
        <property name="connection.url">
            jdbc:postgresql://localhost:5433/postgres?currentSchema=public
        </property>
        <property name="hibernate.show_sql">true</property>
        <property name="hibernate.format_sql">true</property>
        <property name="connection.username">postgres</property>
        <property name="connection.password">mysecretpassword</property>
        <property name="connection.driver_class">org.postgresql.Driver</property>
        <property name="hibernate.dialect">org.hibernate.dialect.PostgreSQLDialect</property>

         <property name="hibernate.hbm2ddl.auto">update</property>
        <mapping class="md.ceiti.md.cazarefx_hibernate.model.entity.Camera_Data"/>
        <mapping class="md.ceiti.md.cazarefx_hibernate.model.entity.CameraTip_Data"/>
        <mapping class="md.ceiti.md.cazarefx_hibernate.model.entity.Cazari_Data"/>
        <mapping class="md.ceiti.md.cazarefx_hibernate.model.entity.Clienti_Data"/>


    </session-factory>
</hibernate-configuration>